t,gt_x,gt_y,dr_x,dr_y,cdr_x,cdr_y,fused_x,fused_y,P_trace,fb_x,fb_y,b_hat,b_true
0.5,-12.707,-10.108,-12.709,-10.111,-12.709,-10.112,-12.709,-10.112,0.0202,-12.709,-10.112,0.0,-0.05
1.01,-12.342,-9.768,-12.361,-9.786,-12.358,-9.789,-12.365,-9.782,0.04176,-12.365,-9.782,-0.0,-0.05
1.5,-12.128,-9.57,-12.158,-9.599,-12.158,-9.6,-12.154,-9.599,0.04155,-12.153,-9.598,-0.0005,-0.05
2.0,-11.981,-9.438,-12.022,-9.479,-12.022,-9.479,-12.037,-9.453,0.04172,-12.036,-9.453,-0.0009,-0.05
2.5,-11.981,-9.438,-12.022,-9.479,-12.022,-9.479,-12.06,-9.429,0.04048,-12.058,-9.431,-0.0007,-0.05
3.0,-11.946,-9.552,-11.993,-9.589,-11.994,-9.589,-12.041,-9.525,0.03972,-12.037,-9.528,-0.0011,-0.05
3.5,-12.039,-9.843,-12.086,-9.861,-12.087,-9.862,-12.135,-9.779,0.03885,-12.13,-9.782,-0.0028,-0.05
4.0,-12.122,-9.978,-12.165,-9.988,-12.166,-9.988,-12.222,-9.895,0.03956,-12.218,-9.899,-0.0023,-0.05
4.5,-12.128,-9.986,-12.17,-9.996,-12.172,-9.996,-12.206,-10.008,0.03999,-12.202,-10.011,-0.002,-0.05
5.0,-12.128,-9.986,-12.17,-9.995,-12.172,-9.996,-12.2,-10.012,0.04002,-12.197,-10.015,-0.0023,-0.05
5.5,-12.128,-9.986,-12.17,-9.996,-12.172,-9.996,-12.094,-10.062,0.04002,-12.091,-10.065,-0.0091,-0.05
6.0,-12.042,-9.996,-12.088,-9.999,-12.09,-10.002,-12.029,-10.038,0.04031,-12.025,-10.041,-0.0084,-0.05
6.5,-11.818,-9.884,-11.885,-9.878,-11.881,-9.89,-11.855,-9.933,0.04121,-11.851,-9.935,-0.0055,-0.05
7.0,-11.577,-9.618,-11.666,-9.612,-11.653,-9.632,-11.605,-9.716,0.04211,-11.599,-9.716,-0.0068,-0.05
7.5,-11.368,-9.332,-11.477,-9.337,-11.457,-9.362,-11.43,-9.424,0.04332,-11.422,-9.423,-0.0056,-0.05
8.0,-11.156,-9.055,-11.289,-9.073,-11.259,-9.105,-11.23,-9.163,0.04483,-11.221,-9.16,-0.0063,-0.05
8.5,-10.922,-8.711,-11.071,-8.726,-11.03,-8.766,-11.001,-8.796,0.04795,-10.984,-8.788,-0.0101,-0.05
9.0,-10.697,-8.364,-10.868,-8.393,-10.819,-8.437,-10.831,-8.466,0.0524,-10.818,-8.468,-0.0023,-0.05
9.5,-10.466,-8.072,-10.653,-8.106,-10.596,-8.157,-10.632,-8.179,0.05658,-10.619,-8.187,0.0009,-0.05
10.0,-10.18,-7.774,-10.391,-7.819,-10.324,-7.879,-10.316,-7.958,0.06021,-10.324,-7.971,0.006,-0.05
10.5,-9.894,-7.538,-10.121,-7.584,-10.048,-7.652,-10.025,-7.793,0.06295,-10.069,-7.829,0.0193,-0.05
11.0,-9.541,-7.329,-9.789,-7.378,-9.708,-7.459,-9.691,-7.581,0.0696,-9.73,-7.615,0.0156,-0.05
11.5,-9.171,-7.181,-9.444,-7.227,-9.359,-7.318,-9.33,-7.488,0.07503,-9.406,-7.539,0.0253,-0.05
12.0,-8.818,-7.088,-9.108,-7.127,-9.021,-7.227,-8.983,-7.443,0.08039,-9.096,-7.505,0.0336,-0.05
12.5,-8.53,-7.035,-8.841,-7.071,-8.752,-7.179,-8.72,-7.365,0.08574,-8.826,-7.425,0.029,-0.05
13.0,-8.353,-7.161,-8.668,-7.198,-8.584,-7.311,-8.543,-7.531,0.08646,-8.668,-7.586,0.0326,-0.05
13.5,-8.214,-7.51,-8.531,-7.534,-8.454,-7.65,-8.406,-7.885,0.08486,-8.533,-7.925,0.0321,-0.05
14.0,-8.05,-7.868,-8.36,-7.87,-8.292,-7.99,-8.256,-8.214,0.08331,-8.399,-8.256,0.036,-0.05
14.5,-7.801,-8.125,-8.115,-8.104,-8.053,-8.231,-8.016,-8.455,0.08014,-8.15,-8.484,0.0327,-0.05
15.0,-7.45,-8.331,-7.777,-8.285,-7.719,-8.42,-7.675,-8.641,0.07236,-7.781,-8.652,0.0249,-0.05
15.5,-7.118,-8.457,-7.458,-8.39,-7.404,-8.536,-7.401,-8.77,0.0697,-7.558,-8.791,0.039,-0.05
16.0,-6.759,-8.43,-7.126,-8.353,-7.071,-8.507,-7.088,-8.744,0.06601,-7.254,-8.765,0.0416,-0.05
16.5,-6.348,-8.433,-6.743,-8.343,-6.688,-8.51,-6.718,-8.763,0.06131,-6.881,-8.776,0.0408,-0.05
17.0,-5.991,-8.382,-6.41,-8.277,-6.353,-8.458,-6.416,-8.712,0.05953,-6.601,-8.727,0.0473,-0.05
17.5,-5.618,-8.221,-6.071,-8.113,-6.009,-8.304,-6.025,-8.495,0.05527,-6.144,-8.496,0.0287,-0.05
18.0,-5.272,-7.996,-5.76,-7.89,-5.69,-8.093,-5.772,-8.321,0.05468,-5.938,-8.336,0.0435,-0.05
18.5,-4.999,-7.748,-5.507,-7.636,-5.43,-7.846,-5.433,-8.025,0.04903,-5.52,-8.02,0.0196,-0.05
19.0,-4.737,-7.429,-5.271,-7.323,-5.183,-7.542,-5.171,-7.722,0.04619,-5.242,-7.714,0.0146,-0.05
19.5,-4.537,-7.115,-5.098,-7.02,-4.997,-7.247,-4.988,-7.415,0.04454,-5.053,-7.408,0.0137,-0.05
20.0,-4.347,-6.746,-4.929,-6.657,-4.816,-6.89,-4.836,-7.059,0.0437,-4.904,-7.062,0.0177,-0.05
20.5,-4.177,-6.367,-4.789,-6.306,-4.663,-6.544,-4.642,-6.715,0.04189,-4.698,-6.708,0.0102,-0.05
21.0,-4.031,-6.023,-4.662,-5.971,-4.528,-6.213,-4.521,-6.39,0.04209,-4.576,-6.389,0.0119,-0.05
21.5,-3.864,-5.642,-4.517,-5.602,-4.368,-5.85,-4.36,-6.026,0.04267,-4.412,-6.027,0.011,-0.05
22.0,-3.695,-5.261,-4.369,-5.234,-4.205,-5.489,-4.221,-5.669,0.04332,-4.275,-5.681,0.014,-0.05
22.5,-3.541,-4.92,-4.233,-4.901,-4.058,-5.161,-3.955,-5.333,0.04378,-3.992,-5.299,-0.0024,-0.05
23.0,-3.365,-4.544,-4.075,-4.53,-3.887,-4.795,-3.769,-4.966,0.04466,-3.8,-4.924,-0.0046,-0.05
23.5,-3.197,-4.209,-3.926,-4.207,-3.729,-4.476,-3.603,-4.64,0.04523,-3.629,-4.592,-0.0063,-0.05
24.0,-2.999,-3.844,-3.752,-3.857,-3.54,-4.134,-3.442,-4.299,0.04633,-3.468,-4.26,-0.0033,-0.05
24.5,-2.792,-3.483,-3.566,-3.504,-3.346,-3.786,-3.278,-3.956,0.04746,-3.307,-3.93,0.0002,-0.05
25.0,-2.595,-3.165,-3.391,-3.199,-3.164,-3.486,-3.029,-3.645,0.04798,-3.046,-3.584,-0.0079,-0.05
25.5,-2.371,-2.815,-3.188,-2.856,-2.951,-3.148,-2.837,-3.307,0.04925,-2.853,-3.254,-0.0058,-0.05
26.0,-2.17,-2.499,-2.998,-2.532,-2.747,-2.833,-2.641,-2.972,0.05002,-2.648,-2.913,-0.0071,-0.05
26.5,-1.948,-2.147,-2.798,-2.188,-2.535,-2.496,-2.464,-2.635,0.05118,-2.472,-2.591,-0.0038,-0.05
27.0,-1.72,-1.8,-2.589,-1.847,-2.315,-2.162,-2.182,-2.312,0.05237,-2.189,-2.24,-0.0085,-0.05
27.5,-1.509,-1.49,-2.399,-1.546,-2.117,-1.867,-2.003,-2.014,0.05325,-2.008,-1.948,-0.0071,-0.05
28.0,-1.268,-1.152,-2.175,-1.208,-1.88,-1.538,-1.782,-1.672,0.05445,-1.781,-1.605,-0.0071,-0.05
28.5,-0.997,-0.841,-1.915,-0.894,-1.612,-1.231,-1.524,-1.366,0.05568,-1.522,-1.304,-0.006,-0.05
29.0,-0.717,-0.597,-1.648,-0.65,-1.339,-0.994,-1.25,-1.122,0.05626,-1.243,-1.054,-0.0068,-0.05
29.5,-0.396,-0.333,-1.358,-0.394,-1.038,-0.75,-0.933,-0.88,0.05704,-0.924,-0.803,-0.008,-0.05
30.0,-0.132,-0.071,-1.111,-0.13,-0.782,-0.496,-0.704,-0.633,0.05805,-0.7,-0.576,-0.0047,-0.05
30.5,0.13,0.249,-0.872,0.185,-0.529,-0.192,-0.441,-0.294,0.0584,-0.416,-0.205,-0.0095,-0.05
31.0,0.372,0.588,-0.65,0.518,-0.299,0.136,-0.203,0.025,0.05957,-0.183,0.112,-0.0089,-0.05
31.5,0.593,0.889,-0.448,0.813,-0.086,0.422,0.028,0.307,0.06109,0.049,0.405,-0.0099,-0.05
32.0,0.837,1.226,-0.234,1.129,0.14,0.73,0.242,0.622,0.06198,0.267,0.719,-0.0095,-0.05
32.5,1.062,1.526,-0.028,1.423,0.351,1.02,0.483,0.955,0.06186,0.533,1.109,-0.0166,-0.05
33.0,1.313,1.857,0.203,1.75,0.593,1.34,0.691,1.27,0.06325,0.738,1.402,-0.0133,-0.05
33.5,1.562,2.19,0.425,2.066,0.824,1.649,0.905,1.574,0.06434,0.949,1.691,-0.0111,-0.05
34.0,1.791,2.487,0.628,2.349,1.033,1.927,1.259,1.823,0.06476,1.291,2.006,-0.0185,-0.05
34.5,2.048,2.813,0.858,2.662,1.276,2.23,1.522,2.122,0.06675,1.556,2.318,-0.0194,-0.05
35.0,2.309,3.136,1.087,2.963,1.515,2.523,1.769,2.414,0.06873,1.807,2.618,-0.0197,-0.05
35.5,2.543,3.429,1.297,3.246,1.731,2.801,1.947,2.704,0.07091,1.997,2.902,-0.0185,-0.05
36.0,2.806,3.751,1.534,3.557,1.977,3.105,2.189,3.008,0.07325,2.243,3.21,-0.0183,-0.05
36.5,3.044,4.04,1.754,3.843,2.205,3.384,2.461,3.28,0.07503,2.514,3.506,-0.0203,-0.05
37.0,3.308,4.361,1.992,4.153,2.452,3.688,2.684,3.588,0.07772,2.745,3.81,-0.0192,-0.05
37.5,3.375,4.441,2.052,4.229,2.512,3.763,2.747,3.662,0.07774,2.809,3.887,-0.0193,-0.05
38.0,3.375,4.441,2.052,4.23,2.513,3.764,2.725,3.664,0.07709,2.787,3.875,-0.0179,-0.05
38.5,3.375,4.441,2.052,4.23,2.513,3.764,2.702,3.663,0.07626,2.762,3.856,-0.0161,-0.05
39.0,3.386,4.417,2.063,4.205,2.523,3.739,2.684,3.633,0.07521,2.74,3.796,-0.0134,-0.05
39.5,3.466,4.299,2.147,4.098,2.603,3.628,2.747,3.53,0.07485,2.81,3.689,-0.0132,-0.05
40.0,3.816,4.136,2.487,3.962,2.936,3.478,3.079,3.379,0.0729,3.142,3.529,-0.0126,-0.05
40.5,4.171,4.082,2.816,3.929,3.265,3.435,3.401,3.335,0.07028,3.46,3.469,-0.0113,-0.05
41.0,4.566,4.142,3.186,4.008,3.638,3.497,3.767,3.395,0.06846,3.824,3.516,-0.0102,-0.05
41.5,4.936,4.309,3.525,4.184,3.986,3.655,4.12,3.56,0.06548,4.179,3.683,-0.0105,-0.05
42.0,5.23,4.529,3.795,4.411,4.265,3.871,4.385,3.767,0.06486,4.435,3.866,-0.0082,-0.05
42.5,5.51,4.831,4.047,4.717,4.532,4.164,4.651,4.056,0.06268,4.696,4.145,-0.0073,-0.05
43.0,5.734,5.13,4.247,5.014,4.745,4.452,4.865,4.344,0.06245,4.908,4.432,-0.0071,-0.05
43.5,5.965,5.475,4.446,5.348,4.962,4.773,5.118,4.709,0.05981,5.186,4.853,-0.0129,-0.05
44.0,6.179,5.83,4.627,5.687,5.162,5.102,5.34,5.054,0.0587,5.414,5.222,-0.0151,-0.05
44.5,6.35,6.162,4.774,6.009,5.323,5.417,5.524,5.388,0.0567,5.602,5.575,-0.0172,-0.05
45.0,6.566,6.512,4.964,6.347,5.528,5.745,5.757,5.728,0.05604,5.835,5.935,-0.0189,-0.05
45.5,6.8,6.801,5.179,6.637,5.757,6.024,6.064,6.061,0.05354,6.16,6.331,-0.0258,-0.05
46.0,7.094,7.093,5.446,6.926,6.039,6.299,6.386,6.359,0.05229,6.483,6.649,-0.0281,-0.05
46.5,7.402,7.372,5.721,7.199,6.328,6.558,6.651,6.58,0.05129,6.719,6.823,-0.0232,-0.05
47.0,7.693,7.606,5.983,7.429,6.599,6.775,6.917,6.782,0.05042,6.972,7.003,-0.021,-0.05
47.5,8.034,7.843,6.29,7.661,6.915,6.996,7.29,7.031,0.04791,7.345,7.268,-0.0237,-0.05
48.0,8.392,8.052,6.626,7.879,7.26,7.198,7.732,7.309,0.04492,7.808,7.575,-0.0298,-0.05
48.5,8.724,8.222,6.941,8.058,7.583,7.362,8.084,7.506,0.04151,8.161,7.747,-0.0304,-0.05
49.0,9.106,8.38,7.302,8.225,7.952,7.512,8.422,7.701,0.0409,8.511,7.912,-0.0301,-0.05
49.5,9.378,8.463,7.552,8.313,8.204,7.59,8.643,7.871,0.04054,8.745,8.031,-0.0305,-0.05
50.0,9.378,8.463,7.551,8.312,8.204,7.59,8.617,7.951,0.04002,8.73,8.072,-0.0311,-0.05
50.5,9.63,8.646,7.785,8.498,8.447,7.763,8.939,8.17,0.04057,9.063,8.262,-0.0332,-0.05
51.0,9.956,8.762,8.087,8.613,8.754,7.865,9.234,8.29,0.04081,9.372,8.384,-0.0332,-0.05
51.5,10.342,8.733,8.459,8.597,9.124,7.831,9.611,8.301,0.04072,9.757,8.372,-0.0335,-0.05
52.0,10.671,8.587,8.772,8.473,9.43,7.691,9.969,8.21,0.04053,10.104,8.263,-0.0345,-0.05
52.5,10.99,8.334,9.092,8.241,9.74,7.445,10.285,8.114,0.04054,10.425,8.138,-0.0356,-0.05
53.0,11.268,8.029,9.364,7.973,9.995,7.161,10.561,7.812,0.04056,10.698,7.818,-0.0356,-0.05
53.5,11.493,7.73,9.595,7.699,10.206,6.871,10.811,7.519,0.04052,10.944,7.515,-0.0361,-0.05
54.0,11.713,7.379,9.826,7.373,10.417,6.531,11.039,7.11,0.04059,11.167,7.09,-0.036,-0.05
54.5,11.906,7.012,10.031,7.033,10.595,6.177,11.235,6.789,0.04058,11.359,6.759,-0.0361,-0.05
55.0,12.071,6.676,10.204,6.729,10.75,5.863,11.39,6.469,0.04052,11.507,6.428,-0.0359,-0.05
55.5,12.287,6.329,10.432,6.411,10.959,5.532,11.535,6.108,0.04059,11.639,6.06,-0.0348,-0.05
56.0,12.47,6.004,10.623,6.112,11.133,5.223,11.762,5.766,0.04054,11.863,5.708,-0.0354,-0.05
56.5,12.673,5.679,10.834,5.818,11.327,4.918,12.027,5.431,0.04055,12.127,5.365,-0.0363,-0.05
57.0,12.866,5.446,11.023,5.616,11.503,4.705,12.265,5.197,0.0404,12.365,5.125,-0.0371,-0.05
57.5,13.038,5.241,11.2,5.428,11.672,4.509,12.44,4.965,0.04038,12.535,4.892,-0.0372,-0.05
58.0,13.237,4.995,11.403,5.202,11.862,4.272,12.686,4.735,0.04045,12.783,4.652,-0.0377,-0.05
58.5,13.417,4.736,11.587,4.965,12.032,4.025,12.815,4.518,0.04046,12.905,4.432,-0.0368,-0.05
59.0,13.612,4.385,11.786,4.645,12.213,3.694,12.995,4.182,0.04077,13.092,4.085,-0.0369,-0.05
59.5,13.773,4.033,11.958,4.328,12.366,3.367,13.141,3.894,0.04094,13.242,3.787,-0.0364,-0.05
60.0,14.021,3.816,12.208,4.136,12.602,3.16,13.379,3.693,0.04124,13.49,3.579,-0.0363,-0.05
60.5,14.196,3.498,12.381,3.836,12.76,2.851,13.572,3.38,0.04067,13.685,3.254,-0.0367,-0.05
61.0,14.236,3.097,12.433,3.451,12.791,2.463,13.61,3.008,0.04119,13.724,2.868,-0.0366,-0.05
61.5,14.218,2.725,12.43,3.096,12.768,2.11,13.588,2.639,0.04091,13.696,2.488,-0.0368,-0.05
62.0,14.187,2.31,12.418,2.697,12.738,1.712,13.513,2.248,0.04126,13.614,2.087,-0.036,-0.05
62.5,14.151,1.938,12.401,2.342,12.703,1.358,13.499,1.898,0.04122,13.595,1.725,-0.0361,-0.05
63.0,14.113,1.524,12.384,1.939,12.664,0.956,13.457,1.496,0.04179,13.548,1.309,-0.036,-0.05
63.5,14.089,1.109,12.38,1.544,12.643,0.562,13.454,1.109,0.04179,13.541,0.911,-0.036,-0.05
64.0,14.072,0.735,12.382,1.181,12.626,0.199,13.431,0.759,0.04214,13.514,0.551,-0.0356,-0.05
64.5,14.069,0.319,12.398,0.779,12.618,-0.203,13.408,0.361,0.04226,13.487,0.144,-0.0352,-0.05
65.0,14.071,-0.055,12.418,0.429,12.619,-0.553,13.411,0.023,0.0426,13.489,-0.204,-0.0349,-0.05
65.5,14.068,-0.47,12.434,0.03,12.618,-0.952,13.422,-0.363,0.04293,13.496,-0.6,-0.0346,-0.05
66.0,14.074,-0.886,12.459,-0.356,12.627,-1.34,13.436,-0.757,0.04328,13.51,-1.007,-0.0348,-0.05
66.5,14.084,-1.26,12.486,-0.709,12.635,-1.693,13.443,-1.111,0.04345,13.516,-1.369,-0.0346,-0.05
67.0,14.096,-1.675,12.517,-1.1,12.648,-2.085,13.48,-1.494,0.04395,13.553,-1.764,-0.0345,-0.05
67.5,14.113,-2.091,12.553,-1.494,12.662,-2.48,13.464,-1.888,0.04419,13.536,-2.164,-0.0341,-0.05
68.0,14.131,-2.464,12.588,-1.848,12.681,-2.835,13.494,-2.248,0.04451,13.566,-2.535,-0.0343,-0.05
68.5,14.148,-2.88,12.624,-2.244,12.696,-3.233,13.533,-2.657,0.04472,13.607,-2.957,-0.0347,-0.05
69.0,14.169,-3.253,12.661,-2.596,12.719,-3.586,13.555,-2.998,0.04517,13.628,-3.306,-0.0342,-0.05
69.5,14.208,-3.667,12.719,-2.985,12.75,-3.978,13.585,-3.394,0.04537,13.66,-3.709,-0.0341,-0.05
70.0,14.257,-4.08,12.784,-3.376,12.796,-4.371,13.594,-3.819,0.0456,13.669,-4.145,-0.0347,-0.05
70.5,14.289,-4.453,12.831,-3.729,12.83,-4.726,13.651,-4.174,0.04565,13.73,-4.508,-0.0347,-0.05
71.0,14.316,-4.867,12.875,-4.118,12.86,-5.116,13.665,-4.599,0.04585,13.746,-4.946,-0.0355,-0.05
71.5,14.349,-5.24,12.925,-4.485,12.89,-5.486,13.685,-4.986,0.04623,13.771,-5.343,-0.0359,-0.05
72.0,14.384,-5.654,12.976,-4.873,12.924,-5.876,13.719,-5.376,0.04679,13.808,-5.743,-0.0358,-0.05
72.5,14.413,-6.068,13.021,-5.26,12.95,-6.264,13.75,-5.755,0.04697,13.845,-6.126,-0.0353,-0.05
73.0,14.446,-6.44,13.069,-5.603,12.977,-6.609,13.788,-6.087,0.04755,13.886,-6.464,-0.0348,-0.05
73.5,14.482,-6.852,13.119,-5.985,13.008,-6.993,13.816,-6.474,0.04753,13.921,-6.855,-0.0346,-0.05
74.0,14.496,-7.188,13.148,-6.293,13.023,-7.302,13.825,-6.777,0.04771,13.933,-7.164,-0.0343,-0.05
74.5,14.48,-7.462,13.148,-6.565,13.003,-7.573,13.743,-7.11,0.04733,13.858,-7.501,-0.0357,-0.05
75.0,14.415,-7.757,13.104,-6.831,12.946,-7.836,13.694,-7.363,0.04778,13.808,-7.761,-0.0353,-0.05
75.5,14.342,-7.901,13.036,-6.975,12.87,-7.976,13.63,-7.496,0.04774,13.746,-7.894,-0.035,-0.05
76.0,14.084,-8.072,12.793,-7.14,12.621,-8.133,13.356,-7.673,0.048,13.465,-8.073,-0.0355,-0.05
76.5,13.78,-8.125,12.511,-7.198,12.337,-8.179,13.098,-7.698,0.04795,13.205,-8.094,-0.0347,-0.05
77.0,13.484,-8.183,12.231,-7.279,12.053,-8.247,12.866,-7.751,0.04813,12.969,-8.152,-0.0344,-0.05
77.5,13.151,-8.412,11.927,-7.512,11.739,-8.467,12.589,-7.961,0.04797,12.697,-8.359,-0.0338,-0.05
78.0,13.119,-8.425,11.899,-7.519,11.711,-8.474,12.554,-7.969,0.04784,12.669,-8.364,-0.0337,-0.05
78.5,13.005,-8.364,11.788,-7.46,11.602,-8.412,12.432,-7.933,0.04654,12.555,-8.311,-0.034,-0.05
79.0,12.786,-8.39,11.574,-7.501,11.387,-8.446,12.167,-7.996,0.04649,12.279,-8.36,-0.0345,-0.05
79.5,12.509,-8.599,11.321,-7.709,11.13,-8.65,11.905,-8.176,0.04601,12.021,-8.522,-0.033,-0.05
80.0,12.244,-8.915,11.075,-8.02,10.879,-8.956,11.693,-8.487,0.04662,11.816,-8.847,-0.0332,-0.05
80.5,12.024,-9.202,10.876,-8.289,10.675,-9.221,11.546,-8.791,0.04347,11.677,-9.139,-0.0335,-0.05
81.0,11.864,-9.402,10.727,-8.482,10.524,-9.413,11.447,-8.993,0.04159,11.574,-9.36,-0.0341,-0.05
81.5,11.727,-9.567,10.6,-8.642,10.396,-9.571,11.271,-9.201,0.04029,11.358,-9.469,-0.0326,-0.05
82.0,11.642,-9.685,10.522,-8.755,10.317,-9.684,11.193,-9.313,0.0402,11.261,-9.581,-0.0325,-0.05
82.5,11.572,-9.79,10.459,-8.854,10.253,-9.783,11.129,-9.413,0.04038,11.194,-9.683,-0.0325,-0.05
83.0,11.558,-9.812,10.447,-8.874,10.24,-9.802,11.116,-9.432,0.04006,11.184,-9.728,-0.033,-0.05
83.5,11.558,-9.812,10.447,-8.874,10.24,-9.802,11.115,-9.432,0.04002,11.183,-9.718,-0.0329,-0.05
84.0,11.558,-9.812,10.447,-8.874,10.24,-9.802,11.115,-9.432,0.04002,11.18,-9.685,-0.0324,-0.05
84.5,11.558,-9.812,10.447,-8.873,10.24,-9.801,11.116,-9.431,0.04002,11.239,-9.697,-0.0325,-0.05
85.0,11.558,-9.812,10.447,-8.873,10.241,-9.801,11.226,-9.516,0.04002,11.285,-9.738,-0.0327,-0.05
85.5,11.558,-9.812,10.447,-8.874,10.24,-9.801,11.27,-9.558,0.04002,11.297,-9.76,-0.0328,-0.05
86.0,11.558,-9.812,10.447,-8.873,10.241,-9.801,11.321,-9.654,0.04002,11.308,-9.793,-0.0329,-0.05
86.5,11.558,-9.812,10.447,-8.873,10.241,-9.801,11.342,-9.724,0.04002,11.308,-9.824,-0.033,-0.05
87.0,11.558,-9.812,10.448,-8.873,10.241,-9.801,11.323,-9.698,0.04002,11.292,-9.779,-0.0329,-0.05
87.5,11.558,-9.812,10.448,-8.874,10.241,-9.801,11.307,-9.682,0.04002,11.276,-9.752,-0.0329,-0.05
88.0,11.558,-9.812,10.448,-8.874,10.241,-9.801,11.288,-9.667,0.04002,11.257,-9.731,-0.0329,-0.05
88.5,11.577,-9.823,10.467,-8.885,10.26,-9.814,11.286,-9.64,0.04003,11.26,-9.697,-0.0329,-0.05
89.0,11.612,-9.997,10.495,-9.053,10.287,-9.981,11.318,-9.807,0.04015,11.294,-9.864,-0.0329,-0.05
89.5,11.457,-10.289,10.34,-9.339,10.125,-10.262,11.165,-10.106,0.04036,11.136,-10.165,-0.0329,-0.05
90.0,11.217,-10.439,10.117,-9.48,9.897,-10.395,10.932,-10.232,0.04028,10.899,-10.288,-0.0329,-0.05
90.5,10.899,-10.483,9.821,-9.524,9.6,-10.429,10.624,-10.329,0.04032,10.581,-10.382,-0.033,-0.05
91.0,10.575,-10.439,9.511,-9.486,9.291,-10.38,10.288,-10.245,0.04036,10.24,-10.29,-0.033,-0.05
91.5,10.211,-10.323,9.158,-9.383,8.942,-10.265,10.038,-10.119,0.04036,10.005,-10.139,-0.0324,-0.05
92.0,9.849,-10.162,8.812,-9.238,8.6,-10.112,9.676,-9.986,0.04043,9.633,-9.999,-0.0325,-0.05
92.5,9.545,-9.999,8.52,-9.092,8.313,-9.957,9.477,-9.784,0.04036,9.443,-9.79,-0.032,-0.05
93.0,9.213,-9.791,8.208,-8.909,8.005,-9.766,9.14,-9.554,0.04041,9.097,-9.552,-0.0321,-0.05
93.5,8.893,-9.571,7.883,-8.699,7.689,-9.544,8.786,-9.353,0.04047,8.739,-9.344,-0.0322,-0.05
94.0,8.602,-9.355,7.597,-8.5,7.41,-9.335,8.472,-9.125,0.04043,8.417,-9.109,-0.0324,-0.05
94.5,8.319,-9.096,7.314,-8.255,7.133,-9.083,8.241,-8.941,0.04046,8.183,-8.919,-0.032,-0.05
95.0,8.053,-8.841,7.051,-8.022,6.879,-8.84,7.971,-8.746,0.04045,7.906,-8.716,-0.032,-0.05
95.5,7.744,-8.57,6.751,-7.78,6.589,-8.586,7.713,-8.49,0.04051,7.643,-8.454,-0.0318,-0.05
96.0,7.402,-8.342,6.419,-7.576,6.266,-8.369,7.443,-8.247,0.04053,7.366,-8.205,-0.0315,-0.05
96.5,7.106,-8.114,6.135,-7.371,5.989,-8.154,7.149,-8.058,0.04048,7.067,-8.013,-0.0315,-0.05
97.0,6.778,-7.859,5.816,-7.139,5.678,-7.912,6.829,-7.84,0.04056,6.738,-7.787,-0.0314,-0.05
97.5,6.49,-7.621,5.539,-6.922,5.41,-7.685,6.544,-7.561,0.04051,6.45,-7.503,-0.0317,-0.05
98.0,6.205,-7.326,5.263,-6.65,5.143,-7.404,6.278,-7.308,0.04052,6.18,-7.24,-0.0316,-0.05
98.5,5.971,-6.993,5.038,-6.345,4.931,-7.09,6.029,-7.044,0.04056,5.928,-6.964,-0.0316,-0.05
99.0,5.867,-6.68,4.932,-6.039,4.837,-6.78,5.91,-6.753,0.04046,5.809,-6.661,-0.0316,-0.05
99.5,5.879,-6.334,4.938,-5.709,4.855,-6.45,5.899,-6.45,0.04043,5.805,-6.348,-0.0316,-0.05
100.0,6.004,-5.972,5.049,-5.36,4.976,-6.105,5.973,-6.15,0.04053,5.884,-6.034,-0.0316,-0.05
100.5,6.15,-5.665,5.178,-5.06,5.119,-5.811,6.089,-5.886,0.04041,6.007,-5.761,-0.0315,-0.05
101.0,6.278,-5.327,5.285,-4.734,5.239,-5.491,6.206,-5.602,0.04045,6.131,-5.467,-0.0312,-0.05
101.5,6.337,-5.034,5.325,-4.462,5.289,-5.219,6.287,-5.404,0.04037,6.217,-5.265,-0.0302,-0.05
102.0,6.316,-4.682,5.286,-4.138,5.264,-4.895,6.259,-5.123,0.04045,6.188,-4.974,-0.0298,-0.05
102.5,6.212,-4.348,5.173,-3.836,5.163,-4.589,6.185,-4.827,0.04049,6.114,-4.676,-0.0294,-0.05
103.0,6.046,-4.045,5.005,-3.56,5.008,-4.306,6.043,-4.572,0.04052,5.968,-4.416,-0.029,-0.05
103.5,5.808,-3.735,4.764,-3.273,4.779,-4.009,5.816,-4.282,0.04061,5.736,-4.122,-0.0289,-0.05
104.0,5.564,-3.467,4.526,-3.033,4.551,-3.759,5.581,-4.069,0.04056,5.494,-3.904,-0.0284,-0.05
104.5,5.278,-3.182,4.24,-2.771,4.275,-3.488,5.272,-3.821,0.04059,5.179,-3.65,-0.0282,-0.05
105.0,4.988,-2.9,3.953,-2.513,3.997,-3.219,4.967,-3.55,0.04066,4.868,-3.375,-0.0283,-0.05
105.5,4.737,-2.665,3.705,-2.3,3.757,-2.996,4.733,-3.281,0.04055,4.633,-3.111,-0.0287,-0.05
106.0,4.429,-2.396,3.396,-2.052,3.462,-2.733,4.429,-3.048,0.04069,4.322,-2.873,-0.0283,-0.05
106.5,4.131,-2.143,3.094,-1.816,3.171,-2.484,4.139,-2.779,0.04067,4.028,-2.605,-0.0284,-0.05
107.0,3.853,-1.908,2.824,-1.607,2.909,-2.264,3.839,-2.563,0.04059,3.723,-2.386,-0.0286,-0.05
107.5,3.54,-1.662,2.519,-1.387,2.615,-2.031,3.559,-2.32,0.04066,3.438,-2.145,-0.0285,-0.05
108.0,3.259,-1.437,2.242,-1.185,2.346,-1.818,3.263,-2.086,0.0406,3.138,-1.911,-0.0288,-0.05
108.5,2.958,-1.204,1.947,-0.977,2.06,-1.599,2.871,-1.748,0.04062,2.743,-1.576,-0.0311,-0.05
109.0,2.661,-0.968,1.648,-0.759,1.77,-1.369,2.584,-1.514,0.04064,2.452,-1.342,-0.0309,-0.05
109.5,2.412,-0.77,1.407,-0.585,1.536,-1.186,2.307,-1.238,0.0405,2.174,-1.072,-0.0323,-0.05
110.0,2.11,-0.547,1.108,-0.384,1.246,-0.971,2.046,-0.947,0.04062,1.911,-0.788,-0.0327,-0.05
110.5,1.856,-0.374,0.855,-0.228,1.0,-0.804,1.764,-0.71,0.04049,1.627,-0.555,-0.0337,-0.05
111.0,1.541,-0.156,0.55,-0.036,0.703,-0.6,1.48,-0.526,0.04056,1.338,-0.368,-0.0333,-0.05
111.5,1.235,0.059,0.25,0.156,0.412,-0.395,1.174,-0.346,0.04062,1.026,-0.183,-0.033,-0.05
112.0,0.946,0.27,-0.038,0.346,0.132,-0.194,0.946,-0.122,0.04062,0.795,0.036,-0.0326,-0.05
112.5,0.62,0.502,-0.357,0.552,-0.177,0.026,0.635,0.066,0.04069,0.477,0.23,-0.0322,-0.05
113.0,0.278,0.737,-0.696,0.763,-0.508,0.251,0.326,0.304,0.04074,0.163,0.467,-0.032,-0.05
113.5,-0.021,0.948,-0.992,0.952,-0.794,0.454,0.066,0.566,0.04065,-0.099,0.722,-0.0321,-0.05
114.0,-0.368,1.176,-1.338,1.156,-1.131,0.672,-0.258,0.766,0.04088,-0.43,0.924,-0.0317,-0.05
114.5,-0.672,1.381,-1.626,1.333,-1.414,0.858,-0.539,0.948,0.04088,-0.715,1.106,-0.0315,-0.05
115.0,-1.011,1.621,-1.962,1.55,-1.737,1.093,-0.856,1.176,0.04111,-1.038,1.336,-0.0312,-0.05
115.5,-1.335,1.844,-2.289,1.755,-2.056,1.31,-1.146,1.422,0.04072,-1.437,1.721,-0.034,-0.05
116.0,-1.635,2.045,-2.582,1.933,-2.341,1.501,-1.465,1.634,0.04064,-1.755,1.928,-0.0344,-0.05
116.5,-1.976,2.262,-2.916,2.126,-2.666,1.708,-1.792,1.846,0.04072,-2.083,2.137,-0.0342,-0.05
117.0,-2.287,2.463,-3.217,2.304,-2.957,1.902,-2.101,2.042,0.04066,-2.394,2.33,-0.0342,-0.05
117.5,-2.618,2.693,-3.536,2.507,-3.266,2.118,-2.415,2.236,0.04065,-2.711,2.524,-0.0339,-0.05
118.0,-2.952,2.937,-3.861,2.725,-3.584,2.348,-2.734,2.428,0.04076,-3.037,2.721,-0.0334,-0.05
118.5,-3.244,3.159,-4.139,2.917,-3.853,2.552,-3.015,2.663,0.04065,-3.316,2.95,-0.0336,-0.05
119.0,-3.574,3.412,-4.465,3.146,-4.171,2.791,-3.328,2.903,0.04078,-3.632,3.189,-0.0333,-0.05
119.5,-3.902,3.662,-4.789,3.373,-4.486,3.03,-3.653,3.124,0.04078,-3.959,3.41,-0.033,-0.05
120.0,-4.199,3.89,-5.077,3.574,-4.766,3.242,-3.938,3.334,0.0407,-4.245,3.619,-0.0329,-0.05
120.5,-4.535,4.136,-5.397,3.79,-5.079,3.469,-4.236,3.568,0.04078,-4.548,3.855,-0.0326,-0.05
121.0,-4.833,4.362,-5.695,3.998,-5.369,3.688,-4.546,3.772,0.04074,-4.861,4.061,-0.0325,-0.05
121.5,-5.157,4.623,-6.023,4.24,-5.684,3.946,-4.863,4.005,0.04084,-5.177,4.293,-0.032,-0.05
122.0,-5.482,4.882,-6.348,4.479,-6.0,4.197,-5.182,4.32,0.04083,-5.493,4.598,-0.0324,-0.05
122.5,-5.773,5.109,-6.628,4.678,-6.273,4.405,-5.472,4.661,0.04068,-5.771,4.914,-0.0335,-0.05
123.0,-6.106,5.356,-6.956,4.9,-6.594,4.637,-5.737,4.946,0.04079,-6.032,5.188,-0.0328,-0.05
123.5,-6.416,5.558,-7.261,5.079,-6.893,4.828,-6.095,5.16,0.0407,-6.384,5.395,-0.0336,-0.05
124.0,-6.721,5.754,-7.557,5.253,-7.18,5.015,-6.396,5.337,0.04058,-6.686,5.571,-0.0335,-0.05
124.5,-6.959,5.91,-7.788,5.39,-7.406,5.161,-6.682,5.529,0.04047,-6.96,5.746,-0.0343,-0.05
125.0,-7.119,6.006,-7.939,5.471,-7.552,5.248,-6.872,5.687,0.04027,-7.141,5.889,-0.0352,-0.05
125.5,-7.248,6.086,-8.063,5.54,-7.674,5.321,-7.054,5.778,0.04021,-7.311,5.96,-0.0359,-0.05
126.0,-7.362,6.144,-8.174,5.59,-7.783,5.374,-7.132,5.832,0.04018,-7.385,6.003,-0.0352,-0.05
126.5,-7.412,6.166,-8.224,5.609,-7.832,5.397,-7.246,5.942,0.04008,-7.483,6.085,-0.0364,-0.05
127.0,-7.455,6.179,-8.265,5.62,-7.872,5.409,-7.29,5.921,0.04007,-7.525,6.054,-0.0361,-0.05
127.5,-7.455,6.179,-8.264,5.619,-7.872,5.409,-7.283,5.914,0.04002,-7.51,6.023,-0.0357,-0.05
128.0,-7.455,6.179,-8.264,5.619,-7.872,5.409,-7.3,5.896,0.04002,-7.524,5.992,-0.0357,-0.05
128.5,-7.455,6.179,-8.265,5.62,-7.872,5.409,-7.32,5.91,0.04002,-7.536,5.983,-0.0358,-0.05
129.0,-7.509,6.199,-8.317,5.637,-7.924,5.428,-7.367,5.92,0.04008,-7.582,5.98,-0.0356,-0.05
129.5,-7.509,6.199,-8.317,5.637,-7.924,5.428,-7.367,5.923,0.04002,-7.576,5.964,-0.0355,-0.05
130.0,-7.526,6.206,-8.334,5.643,-7.94,5.435,-7.383,5.923,0.04004,-7.59,5.952,-0.0354,-0.05
130.5,-7.526,6.206,-8.334,5.643,-7.941,5.435,-7.417,6.011,0.04002,-7.617,6.026,-0.0359,-0.05
131.0,-7.543,6.212,-8.351,5.648,-7.957,5.441,-7.432,6.023,0.04004,-7.631,6.028,-0.0359,-0.05
131.5,-7.543,6.212,-8.351,5.648,-7.957,5.441,-7.444,6.07,0.04002,-7.639,6.065,-0.036,-0.05
132.0,-7.543,6.212,-8.351,5.648,-7.957,5.441,-7.44,6.055,0.04002,-7.634,6.043,-0.0359,-0.05
132.5,-7.543,6.212,-8.351,5.648,-7.958,5.441,-7.449,6.089,0.04002,-7.64,6.069,-0.0361,-0.05
133.0,-7.543,6.212,-8.351,5.648,-7.957,5.441,-7.452,6.112,0.04002,-7.642,6.087,-0.0361,-0.05
133.5,-7.543,6.212,-8.351,5.648,-7.957,5.441,-7.447,6.078,0.04002,-7.636,6.044,-0.036,-0.05
134.0,-7.543,6.212,-8.35,5.648,-7.956,5.441,-7.451,6.095,0.04002,-7.639,6.058,-0.036,-0.05
134.5,-7.543,6.212,-8.35,5.648,-7.957,5.441,-7.45,6.096,0.04002,-7.637,6.054,-0.036,-0.05
135.0,-7.543,6.212,-8.351,5.648,-7.957,5.441,-7.454,6.119,0.04002,-7.64,6.075,-0.0361,-0.05
135.5,-7.558,6.335,-8.364,5.763,-7.965,5.557,-7.469,6.285,0.0401,-7.653,6.243,-0.0361,-0.05
136.0,-7.482,6.728,-8.299,6.137,-7.894,5.929,-7.406,6.718,0.04032,-7.584,6.69,-0.0363,-0.05
136.5,-7.402,7.093,-8.234,6.48,-7.819,6.27,-7.37,7.054,0.0403,-7.53,7.035,-0.0365,-0.05
137.0,-7.326,7.502,-8.175,6.864,-7.748,6.652,-7.433,7.39,0.04032,-7.559,7.4,-0.0375,-0.05
137.5,-7.259,7.87,-8.121,7.215,-7.684,7.002,-7.371,7.741,0.04034,-7.473,7.77,-0.0374,-0.05
138.0,-7.213,8.05,-8.082,7.38,-7.641,7.165,-7.382,7.86,0.04013,-7.472,7.902,-0.0376,-0.05
138.5,-7.186,8.133,-8.06,7.457,-7.617,7.242,-7.348,7.929,0.04006,-7.427,7.971,-0.0374,-0.05
139.0,-7.186,8.133,-8.06,7.457,-7.617,7.242,-7.339,7.941,0.04002,-7.417,7.983,-0.0374,-0.05
139.5,-7.186,8.133,-8.06,7.457,-7.617,7.242,-7.322,7.961,0.04002,-7.391,7.999,-0.0373,-0.05
140.0,-7.101,8.055,-7.98,7.378,-7.538,7.162,-7.238,7.888,0.04007,-7.305,7.923,-0.0373,-0.05
140.5,-7.043,7.806,-7.929,7.142,-7.488,6.925,-7.192,7.557,0.0402,-7.25,7.58,-0.0371,-0.05
141.0,-7.083,7.443,-7.967,6.785,-7.532,6.57,-7.22,7.224,0.04037,-7.281,7.234,-0.0371,-0.05
141.5,-7.161,7.094,-8.036,6.452,-7.605,6.237,-7.282,6.886,0.04035,-7.343,6.881,-0.037,-0.05
142.0,-7.237,6.75,-8.102,6.123,-7.679,5.91,-7.344,6.579,0.0404,-7.408,6.562,-0.037,-0.05
142.5,-7.313,6.361,-8.169,5.754,-7.752,5.542,-7.4,6.217,0.04043,-7.465,6.186,-0.0369,-0.05
143.0,-7.37,5.994,-8.217,5.401,-7.81,5.191,-7.465,5.855,0.04043,-7.532,5.812,-0.0369,-0.05
143.5,-7.432,5.59,-8.27,5.01,-7.869,4.801,-7.534,5.511,0.04044,-7.602,5.456,-0.0368,-0.05
144.0,-7.49,5.18,-8.318,4.625,-7.923,4.417,-7.598,5.111,0.04049,-7.666,5.045,-0.0369,-0.05
144.5,-7.537,4.816,-8.357,4.277,-7.966,4.07,-7.642,4.76,0.04047,-7.71,4.683,-0.0369,-0.05
145.0,-7.595,4.408,-8.406,3.887,-8.02,3.681,-7.705,4.358,0.04053,-7.772,4.269,-0.037,-0.05
145.5,-7.647,4.013,-8.451,3.51,-8.069,3.303,-7.759,3.952,0.04052,-7.827,3.853,-0.0371,-0.05
146.0,-7.698,3.65,-8.495,3.161,-8.122,2.956,-7.821,3.587,0.0405,-7.888,3.479,-0.0373,-0.05
146.5,-7.744,3.255,-8.533,2.782,-8.162,2.577,-7.846,3.22,0.04064,-7.915,3.1,-0.0371,-0.05
147.0,-7.782,2.888,-8.565,2.432,-8.2,2.228,-7.882,2.874,0.04068,-7.95,2.745,-0.037,-0.05
147.5,-7.82,2.481,-8.596,2.044,-8.234,1.84,-7.914,2.498,0.0408,-7.982,2.359,-0.0368,-0.05
148.0,-7.869,2.069,-8.637,1.655,-8.277,1.452,-7.947,2.13,0.041,-8.015,1.979,-0.0366,-0.05
148.5,-7.917,1.702,-8.676,1.311,-8.321,1.108,-7.988,1.782,0.04098,-8.056,1.624,-0.0365,-0.05
149.0,-7.97,1.29,-8.721,0.916,-8.373,0.714,-8.038,1.393,0.04115,-8.105,1.224,-0.0364,-0.05
149.5,-8.023,0.927,-8.766,0.57,-8.424,0.369,-8.089,1.044,0.04151,-8.158,0.864,-0.0365,-0.05
150.0,-8.082,0.516,-8.816,0.181,-8.482,-0.018,-8.137,0.675,0.04175,-8.207,0.484,-0.0361,-0.05
150.5,-8.138,0.105,-8.863,-0.212,-8.533,-0.411,-8.179,0.298,0.04095,-8.246,0.096,-0.0358,-0.05
151.0,-8.171,-0.268,-8.889,-0.562,-8.567,-0.76,-8.2,-0.028,0.04105,-8.263,-0.24,-0.0354,-0.05
151.5,-8.204,-0.683,-8.915,-0.956,-8.596,-1.154,-8.223,-0.42,0.04114,-8.284,-0.64,-0.0353,-0.05
152.0,-8.244,-1.097,-8.946,-1.337,-8.636,-1.534,-8.301,-0.862,0.04065,-8.359,-1.088,-0.0362,-0.05
152.5,-8.289,-1.468,-8.985,-1.689,-8.675,-1.885,-8.321,-1.22,0.04061,-8.376,-1.454,-0.0361,-0.05
153.0,-8.349,-1.879,-9.036,-2.076,-8.736,-2.271,-8.345,-1.589,0.04081,-8.398,-1.836,-0.0357,-0.05
153.5,-8.403,-2.248,-9.081,-2.414,-8.787,-2.608,-8.37,-1.907,0.04094,-8.42,-2.163,-0.0352,-0.05
154.0,-8.446,-2.661,-9.116,-2.808,-8.828,-3.002,-8.442,-2.288,0.0411,-8.488,-2.551,-0.0349,-0.05
154.5,-8.476,-3.074,-9.141,-3.201,-8.857,-3.395,-8.448,-2.631,0.04093,-8.488,-2.899,-0.0338,-0.05
155.0,-8.534,-3.443,-9.193,-3.544,-8.914,-3.737,-8.477,-2.962,0.04101,-8.515,-3.238,-0.0335,-0.05
155.5,-8.605,-3.852,-9.255,-3.928,-8.977,-4.12,-8.555,-3.349,0.04108,-8.59,-3.631,-0.0334,-0.05
156.0,-8.664,-4.219,-9.306,-4.273,-9.034,-4.464,-8.713,-3.728,0.04077,-8.745,-4.011,-0.0342,-0.05
156.5,-8.716,-4.627,-9.352,-4.662,-9.083,-4.853,-8.728,-4.098,0.04104,-8.757,-4.39,-0.0336,-0.05
157.0,-8.775,-5.035,-9.404,-5.057,-9.14,-5.247,-8.776,-4.557,0.04077,-8.806,-4.855,-0.0347,-0.05
157.5,-8.822,-5.395,-9.446,-5.4,-9.189,-5.589,-8.805,-4.939,0.04065,-8.834,-5.242,-0.0353,-0.05
158.0,-8.886,-5.802,-9.503,-5.79,-9.248,-5.978,-8.885,-5.312,0.04087,-8.913,-5.623,-0.0349,-0.05
158.5,-8.947,-6.202,-9.557,-6.171,-9.304,-6.359,-8.919,-5.69,0.0409,-8.944,-6.008,-0.0346,-0.05
159.0,-9.004,-6.571,-9.609,-6.529,-9.362,-6.717,-8.967,-6.048,0.04096,-8.991,-6.371,-0.0344,-0.05
159.5,-9.076,-6.966,-9.675,-6.901,-9.43,-7.088,-9.074,-6.423,0.04093,-9.097,-6.75,-0.0344,-0.05
160.0,-9.166,-7.284,-9.761,-7.201,-9.518,-7.388,-9.145,-6.72,0.04083,-9.167,-7.05,-0.0341,-0.05
160.5,-9.338,-7.54,-9.929,-7.441,-9.686,-7.627,-9.324,-6.995,0.0405,-9.348,-7.321,-0.0346,-0.05
161.0,-9.491,-7.768,-10.072,-7.661,-9.828,-7.848,-9.474,-7.196,0.04044,-9.496,-7.521,-0.034,-0.05
161.5,-9.564,-7.949,-10.139,-7.836,-9.896,-8.022,-9.553,-7.41,0.04031,-9.572,-7.724,-0.0345,-0.05
162.0,-9.594,-8.115,-10.164,-7.989,-9.921,-8.175,-9.549,-7.591,0.04025,-9.563,-7.896,-0.0347,-0.05
162.5,-9.594,-8.242,-10.16,-8.112,-9.92,-8.298,-9.655,-7.795,0.04019,-9.669,-8.077,-0.0361,-0.05
163.0,-9.555,-8.372,-10.12,-8.232,-9.882,-8.418,-9.635,-8.0,0.04016,-9.644,-8.263,-0.0373,-0.05
163.5,-9.543,-8.4,-10.109,-8.259,-9.871,-8.445,-9.571,-8.028,0.04006,-9.573,-8.284,-0.0371,-0.05
164.0,-9.543,-8.4,-10.109,-8.259,-9.871,-8.446,-9.541,-8.057,0.04002,-9.538,-8.3,-0.0373,-0.05
164.5,-9.543,-8.4,-10.109,-8.259,-9.871,-8.446,-9.553,-8.118,0.04002,-9.548,-8.344,-0.038,-0.05
165.0,-9.543,-8.4,-10.109,-8.259,-9.87,-8.446,-9.524,-8.137,0.04002,-9.514,-8.354,-0.0381,-0.05
165.5,-9.543,-8.4,-10.108,-8.26,-9.87,-8.446,-9.575,-8.139,0.04002,-9.564,-8.343,-0.038,-0.05
166.0,-9.543,-8.4,-10.108,-8.26,-9.87,-8.447,-9.587,-8.178,0.04002,-9.575,-8.37,-0.0384,-0.05
166.5,-9.543,-8.4,-10.108,-8.26,-9.87,-8.446,-9.594,-8.202,0.04002,-9.58,-8.384,-0.0385,-0.05
167.0,-9.543,-8.4,-10.108,-8.26,-9.87,-8.447,-9.583,-8.227,0.04002,-9.567,-8.399,-0.0387,-0.05
167.5,-9.543,-8.4,-10.108,-8.26,-9.87,-8.446,-9.55,-8.234,0.04002,-9.531,-8.4,-0.0387,-0.05
168.0,-9.543,-8.4,-10.108,-8.26,-9.87,-8.447,-9.543,-8.323,0.04002,-9.525,-8.477,-0.0396,-0.05
168.5,-9.543,-8.4,-10.108,-8.26,-9.87,-8.447,-9.544,-8.337,0.04002,-9.526,-8.483,-0.0397,-0.05
169.0,-9.543,-8.4,-10.108,-8.26,-9.87,-8.446,-9.602,-8.354,0.04002,-9.585,-8.489,-0.0397,-0.05
169.5,-9.543,-8.4,-10.109,-8.259,-9.871,-8.446,-9.598,-8.374,0.04002,-9.58,-8.502,-0.0398,-0.05
170.0,-9.543,-8.4,-10.109,-8.259,-9.871,-8.446,-9.587,-8.354,0.04002,-9.566,-8.48,-0.0396,-0.05
170.5,-9.543,-8.4,-10.109,-8.259,-9.87,-8.446,-9.584,-8.348,0.04002,-9.559,-8.47,-0.0396,-0.05
171.0,-9.543,-8.4,-10.108,-8.26,-9.87,-8.446,-9.589,-8.358,0.04002,-9.562,-8.475,-0.0396,-0.05
171.5,-9.543,-8.4,-10.109,-8.259,-9.871,-8.446,-9.599,-8.376,0.04002,-9.571,-8.488,-0.0397,-0.05
172.0,-9.543,-8.4,-10.108,-8.26,-9.87,-8.446,-9.589,-8.358,0.04002,-9.557,-8.468,-0.0396,-0.05
172.5,-9.543,-8.4,-10.108,-8.26,-9.87,-8.447,-9.6,-8.383,0.04002,-9.568,-8.487,-0.0397,-0.05
173.0,-9.543,-8.4,-10.108,-8.259,-9.87,-8.446,-9.601,-8.383,0.04002,-9.567,-8.484,-0.0397,-0.05
173.5,-9.543,-8.4,-10.108,-8.26,-9.87,-8.446,-9.602,-8.385,0.04002,-9.567,-8.483,-0.0397,-0.05
174.0,-9.543,-8.4,-10.108,-8.26,-9.87,-8.446,-9.592,-8.365,0.04002,-9.554,-8.463,-0.0395,-0.05
174.5,-9.543,-8.4,-10.108,-8.26,-9.87,-8.447,-9.592,-8.367,0.04002,-9.553,-8.462,-0.0395,-0.05
175.0,-9.543,-8.4,-10.108,-8.26,-9.87,-8.446,-9.601,-8.384,0.04002,-9.561,-8.476,-0.0396,-0.05
175.5,-9.543,-8.4,-10.108,-8.259,-9.87,-8.446,-9.604,-8.391,0.04002,-9.564,-8.48,-0.0396,-0.05
176.0,-9.543,-8.4,-10.108,-8.259,-9.87,-8.446,-9.597,-8.375,0.04002,-9.555,-8.464,-0.0395,-0.05
176.5,-9.543,-8.4,-10.108,-8.259,-9.87,-8.446,-9.588,-8.351,0.04002,-9.543,-8.44,-0.0394,-0.05
177.0,-9.543,-8.4,-10.109,-8.259,-9.871,-8.445,-9.588,-8.351,0.04004,-9.543,-8.439,-0.0394,-0.05
177.5,-9.543,-8.4,-10.109,-8.259,-9.871,-8.445,-9.588,-8.35,0.04006,-9.543,-8.439,-0.0394,-0.05
178.0,-9.543,-8.4,-10.109,-8.259,-9.871,-8.446,-9.588,-8.351,0.04008,-9.543,-8.44,-0.0394,-0.05
178.5,-9.543,-8.4,-10.109,-8.259,-9.871,-8.446,-9.588,-8.351,0.0401,-9.543,-8.44,-0.0394,-0.05
179.0,-9.543,-8.4,-10.109,-8.259,-9.871,-8.445,-9.599,-8.373,0.04002,-9.555,-8.458,-0.0395,-0.05
179.5,-9.543,-8.4,-10.109,-8.259,-9.871,-8.445,-9.601,-8.378,0.04002,-9.557,-8.461,-0.0395,-0.05
180.0,-9.543,-8.4,-10.109,-8.258,-9.871,-8.445,-9.591,-8.36,0.04002,-9.544,-8.443,-0.0395,-0.05
180.5,-9.543,-8.4,-10.109,-8.258,-9.871,-8.445,-9.589,-8.355,0.04002,-9.541,-8.438,-0.0394,-0.05
181.0,-9.543,-8.4,-10.109,-8.257,-9.871,-8.444,-9.632,-8.437,0.04002,-9.59,-8.51,-0.0397,-0.05
181.5,-9.543,-8.4,-10.109,-8.257,-9.871,-8.444,-9.624,-8.425,0.04002,-9.58,-8.498,-0.0397,-0.05
182.0,-9.543,-8.4,-10.109,-8.258,-9.871,-8.444,-9.621,-8.419,0.04002,-9.576,-8.492,-0.0397,-0.05
182.5,-9.543,-8.4,-10.109,-8.258,-9.871,-8.445,-9.627,-8.43,0.04002,-9.582,-8.501,-0.0397,-0.05
183.0,-9.543,-8.4,-10.109,-8.259,-9.871,-8.445,-9.619,-8.419,0.04002,-9.573,-8.491,-0.0397,-0.05
183.5,-9.543,-8.4,-10.109,-8.258,-9.871,-8.445,-9.598,-8.413,0.04002,-9.553,-8.484,-0.0397,-0.05
184.0,-9.543,-8.4,-10.109,-8.258,-9.871,-8.445,-9.602,-8.42,0.04002,-9.558,-8.489,-0.0397,-0.05
184.5,-9.543,-8.4,-10.108,-8.259,-9.87,-8.446,-9.594,-8.402,0.04002,-9.551,-8.47,-0.0396,-0.05
185.0,-9.543,-8.4,-10.108,-8.26,-9.87,-8.446,-9.641,-8.386,0.04002,-9.603,-8.448,-0.0394,-0.05
185.5,-9.543,-8.4,-10.108,-8.26,-9.87,-8.446,-9.613,-8.401,0.04002,-9.577,-8.462,-0.0395,-0.05
186.0,-9.543,-8.4,-10.108,-8.26,-9.87,-8.447,-9.565,-8.414,0.04002,-9.529,-8.474,-0.0396,-0.05
186.5,-9.543,-8.4,-10.108,-8.26,-9.87,-8.447,-9.6,-8.385,0.04002,-9.566,-8.442,-0.0395,-0.05
187.0,-9.543,-8.4,-10.108,-8.26,-9.87,-8.447,-9.588,-8.367,0.04002,-9.553,-8.424,-0.0394,-0.05
187.5,-9.543,-8.4,-10.108,-8.26,-9.87,-8.447,-9.593,-8.374,0.04002,-9.558,-8.43,-0.0394,-0.05
188.0,-9.543,-8.4,-10.108,-8.261,-9.87,-8.448,-9.591,-8.373,0.04002,-9.555,-8.428,-0.0394,-0.05
188.5,-9.543,-8.4,-10.107,-8.262,-9.869,-8.449,-9.585,-8.378,0.04002,-9.551,-8.431,-0.0394,-0.05
189.0,-9.543,-8.4,-10.107,-8.262,-9.869,-8.449,-9.554,-8.395,0.04002,-9.521,-8.446,-0.0395,-0.05
189.5,-9.543,-8.4,-10.107,-8.264,-9.869,-8.45,-9.521,-8.412,0.04002,-9.49,-8.464,-0.0396,-0.05
190.0,-9.543,-8.4,-10.107,-8.264,-9.869,-8.45,-9.529,-8.409,0.04002,-9.5,-8.459,-0.0396,-0.05
190.5,-9.543,-8.4,-10.106,-8.265,-9.868,-8.451,-9.563,-8.394,0.04002,-9.537,-8.442,-0.0395,-0.05
191.0,-9.543,-8.4,-10.106,-8.264,-9.868,-8.451,-9.563,-8.394,0.04004,-9.537,-8.442,-0.0395,-0.05
191.5,-9.543,-8.4,-10.106,-8.264,-9.868,-8.451,-9.563,-8.394,0.04006,-9.537,-8.442,-0.0395,-0.05
192.0,-9.543,-8.4,-10.106,-8.264,-9.868,-8.451,-9.563,-8.394,0.04008,-9.537,-8.442,-0.0395,-0.05
192.5,-9.543,-8.4,-10.106,-8.264,-9.868,-8.451,-9.563,-8.394,0.0401,-9.537,-8.442,-0.0395,-0.05
193.0,-9.543,-8.4,-10.106,-8.264,-9.868,-8.451,-9.563,-8.394,0.04012,-9.537,-8.442,-0.0395,-0.05
193.5,-9.543,-8.4,-10.106,-8.266,-9.868,-8.452,-9.562,-8.395,0.04014,-9.536,-8.443,-0.0395,-0.05
194.0,-9.543,-8.4,-10.106,-8.266,-9.868,-8.453,-9.562,-8.396,0.04016,-9.536,-8.444,-0.0395,-0.05
194.5,-9.543,-8.4,-10.106,-8.266,-9.868,-8.453,-9.562,-8.396,0.04018,-9.536,-8.444,-0.0395,-0.05
195.0,-9.543,-8.4,-10.106,-8.266,-9.868,-8.452,-9.562,-8.395,0.0402,-9.536,-8.444,-0.0395,-0.05
195.5,-9.539,-8.418,-10.102,-8.282,-9.864,-8.469,-9.559,-8.412,0.04023,-9.532,-8.461,-0.0395,-0.05
196.0,-9.542,-8.444,-10.106,-8.306,-9.868,-8.493,-9.563,-8.436,0.04026,-9.537,-8.486,-0.0395,-0.05
196.5,-9.542,-8.444,-10.106,-8.306,-9.868,-8.493,-9.563,-8.436,0.04028,-9.536,-8.486,-0.0395,-0.05
197.0,-9.542,-8.444,-10.106,-8.306,-9.868,-8.493,-9.563,-8.436,0.0403,-9.537,-8.486,-0.0395,-0.05
197.5,-9.542,-8.444,-10.106,-8.307,-9.868,-8.493,-9.563,-8.436,0.04032,-9.537,-8.486,-0.0395,-0.05
198.0,-9.542,-8.444,-10.106,-8.307,-9.868,-8.494,-9.563,-8.437,0.04034,-9.537,-8.486,-0.0395,-0.05
198.5,-9.542,-8.444,-10.106,-8.306,-9.868,-8.493,-9.563,-8.436,0.04036,-9.537,-8.486,-0.0395,-0.05
199.0,-9.542,-8.444,-10.106,-8.306,-9.868,-8.493,-9.563,-8.436,0.04038,-9.537,-8.486,-0.0395,-0.05
199.5,-9.542,-8.444,-10.106,-8.306,-9.868,-8.493,-9.563,-8.436,0.0404,-9.536,-8.485,-0.0395,-0.05
200.0,-9.542,-8.444,-10.105,-8.305,-9.868,-8.492,-9.562,-8.435,0.04042,-9.536,-8.485,-0.0395,-0.05
200.5,-9.542,-8.444,-10.105,-8.305,-9.868,-8.492,-9.562,-8.435,0.04044,-9.536,-8.484,-0.0395,-0.05
201.0,-9.542,-8.444,-10.106,-8.306,-9.868,-8.492,-9.562,-8.435,0.04046,-9.536,-8.485,-0.0395,-0.05
201.5,-9.542,-8.444,-10.105,-8.305,-9.868,-8.492,-9.562,-8.435,0.04048,-9.536,-8.485,-0.0395,-0.05
202.0,-9.542,-8.444,-10.105,-8.305,-9.868,-8.492,-9.562,-8.435,0.0405,-9.536,-8.484,-0.0395,-0.05
202.5,-9.542,-8.444,-10.106,-8.305,-9.868,-8.492,-9.562,-8.435,0.04052,-9.536,-8.485,-0.0395,-0.05
203.0,-9.542,-8.444,-10.105,-8.305,-9.868,-8.492,-9.562,-8.435,0.04054,-9.536,-8.484,-0.0395,-0.05
203.5,-9.542,-8.444,-10.105,-8.305,-9.868,-8.492,-9.562,-8.435,0.04056,-9.536,-8.484,-0.0395,-0.05
204.0,-9.542,-8.444,-10.105,-8.304,-9.867,-8.491,-9.562,-8.434,0.04058,-9.536,-8.484,-0.0395,-0.05
204.5,-9.542,-8.444,-10.105,-8.305,-9.867,-8.491,-9.562,-8.434,0.0406,-9.536,-8.484,-0.0395,-0.05
205.0,-9.542,-8.444,-10.105,-8.305,-9.868,-8.492,-9.562,-8.435,0.04062,-9.536,-8.485,-0.0395,-0.05
205.5,-9.542,-8.444,-10.106,-8.306,-9.868,-8.492,-9.562,-8.435,0.04064,-9.536,-8.485,-0.0395,-0.05
206.0,-9.542,-8.444,-10.105,-8.304,-9.867,-8.491,-9.562,-8.434,0.04066,-9.536,-8.484,-0.0395,-0.05
206.5,-9.542,-8.444,-10.105,-8.304,-9.867,-8.491,-9.562,-8.434,0.04068,-9.536,-8.483,-0.0395,-0.05
207.0,-9.542,-8.444,-10.105,-8.303,-9.867,-8.49,-9.562,-8.433,0.04069,-9.536,-8.483,-0.0395,-0.05
207.5,-9.542,-8.444,-10.105,-8.303,-9.867,-8.49,-9.562,-8.433,0.04071,-9.535,-8.482,-0.0395,-0.05
208.0,-9.542,-8.444,-10.105,-8.303,-9.867,-8.49,-9.562,-8.433,0.04073,-9.535,-8.482,-0.0395,-0.05
208.5,-9.542,-8.444,-10.105,-8.303,-9.867,-8.489,-9.561,-8.432,0.04075,-9.535,-8.482,-0.0395,-0.05
209.0,-9.542,-8.444,-10.104,-8.302,-9.867,-8.489,-9.542,-8.401,0.0403,-9.514,-8.451,-0.0394,-0.05
209.5,-9.542,-8.444,-10.104,-8.302,-9.867,-8.489,-9.544,-8.404,0.04002,-9.516,-8.453,-0.0394,-0.05
210.0,-9.542,-8.444,-10.105,-8.302,-9.867,-8.489,-9.567,-8.379,0.04002,-9.54,-8.426,-0.0393,-0.05
210.5,-9.542,-8.444,-10.104,-8.301,-9.866,-8.488,-9.559,-8.365,0.04002,-9.531,-8.411,-0.0393,-0.05
211.0,-9.542,-8.444,-10.104,-8.302,-9.867,-8.489,-9.562,-8.371,0.04002,-9.534,-8.416,-0.0393,-0.05
211.5,-9.542,-8.444,-10.104,-8.302,-9.867,-8.488,-9.551,-8.349,0.04002,-9.522,-8.394,-0.0392,-0.05
212.0,-9.542,-8.444,-10.104,-8.301,-9.866,-8.487,-9.552,-8.351,0.04002,-9.522,-8.395,-0.0392,-0.05
212.5,-9.542,-8.444,-10.104,-8.301,-9.866,-8.488,-9.561,-8.37,0.04002,-9.531,-8.413,-0.0393,-0.05
213.0,-9.542,-8.444,-10.104,-8.301,-9.866,-8.488,-9.565,-8.379,0.04002,-9.535,-8.421,-0.0393,-0.05
213.5,-9.542,-8.444,-10.104,-8.301,-9.866,-8.487,-9.567,-8.385,0.04002,-9.537,-8.425,-0.0393,-0.05
214.0,-9.542,-8.444,-10.104,-8.3,-9.866,-8.487,-9.564,-8.377,0.04002,-9.534,-8.417,-0.0393,-0.05
214.5,-9.542,-8.444,-10.104,-8.301,-9.866,-8.487,-9.569,-8.39,0.04002,-9.539,-8.429,-0.0393,-0.05
215.0,-9.542,-8.444,-10.104,-8.301,-9.866,-8.488,-9.573,-8.403,0.04002,-9.543,-8.44,-0.0393,-0.05
215.5,-9.542,-8.444,-10.104,-8.301,-9.866,-8.487,-9.587,-8.442,0.04002,-9.558,-8.477,-0.0394,-0.05
216.0,-9.542,-8.444,-10.104,-8.3,-9.866,-8.487,-9.603,-8.485,0.04002,-9.575,-8.518,-0.0394,-0.05
216.5,-9.542,-8.444,-10.104,-8.3,-9.866,-8.486,-9.601,-8.48,0.04002,-9.572,-8.512,-0.0394,-0.05
217.0,-9.542,-8.444,-10.104,-8.3,-9.866,-8.486,-9.584,-8.542,0.04002,-9.557,-8.572,-0.0396,-0.05
217.5,-9.542,-8.444,-10.104,-8.3,-9.866,-8.487,-9.629,-8.542,0.04002,-9.606,-8.57,-0.0395,-0.05
218.0,-9.542,-8.444,-10.104,-8.3,-9.866,-8.487,-9.626,-8.536,0.04002,-9.603,-8.563,-0.0395,-0.05
218.5,-9.542,-8.444,-10.104,-8.3,-9.866,-8.487,-9.615,-8.525,0.04002,-9.592,-8.551,-0.0395,-0.05
219.0,-9.542,-8.444,-10.104,-8.3,-9.866,-8.487,-9.601,-8.501,0.04002,-9.577,-8.528,-0.0395,-0.05
219.5,-9.542,-8.444,-10.104,-8.301,-9.866,-8.487,-9.569,-8.486,0.04002,-9.546,-8.513,-0.0395,-0.05
220.0,-9.542,-8.444,-10.104,-8.3,-9.866,-8.486,-9.573,-8.456,0.04002,-9.551,-8.483,-0.0394,-0.05
220.5,-9.542,-8.444,-10.104,-8.299,-9.866,-8.486,-9.551,-8.464,0.04002,-9.53,-8.49,-0.0395,-0.05
221.0,-9.542,-8.444,-10.104,-8.3,-9.866,-8.486,-9.564,-8.511,0.04002,-9.546,-8.534,-0.0395,-0.05
221.5,-9.542,-8.444,-10.104,-8.3,-9.866,-8.486,-9.595,-8.493,0.04002,-9.578,-8.515,-0.0395,-0.05
222.0,-9.542,-8.444,-10.104,-8.3,-9.866,-8.487,-9.6,-8.5,0.04002,-9.582,-8.522,-0.0395,-0.05
222.5,-9.542,-8.444,-10.104,-8.3,-9.866,-8.487,-9.588,-8.483,0.04002,-9.571,-8.505,-0.0394,-0.05
223.0,-9.542,-8.444,-10.104,-8.301,-9.866,-8.487,-9.576,-8.464,0.04002,-9.558,-8.487,-0.0394,-0.05
223.5,-9.542,-8.444,-10.104,-8.301,-9.866,-8.488,-9.569,-8.452,0.04002,-9.55,-8.475,-0.0394,-0.05
224.0,-9.542,-8.444,-10.104,-8.301,-9.866,-8.488,-9.575,-8.462,0.04002,-9.556,-8.483,-0.0394,-0.05
224.5,-9.542,-8.444,-10.104,-8.301,-9.866,-8.488,-9.566,-8.447,0.04002,-9.547,-8.469,-0.0394,-0.05
225.0,-9.542,-8.444,-10.104,-8.301,-9.866,-8.488,-9.559,-8.434,0.04002,-9.539,-8.456,-0.0394,-0.05
225.5,-9.542,-8.444,-10.104,-8.301,-9.866,-8.488,-9.572,-8.42,0.04002,-9.552,-8.442,-0.0394,-0.05
226.0,-9.542,-8.444,-10.104,-8.3,-9.866,-8.487,-9.56,-8.398,0.04002,-9.54,-8.42,-0.0394,-0.05
226.5,-9.542,-8.444,-10.104,-8.301,-9.866,-8.487,-9.555,-8.389,0.04002,-9.535,-8.411,-0.0394,-0.05
227.0,-9.542,-8.444,-10.104,-8.3,-9.866,-8.487,-9.547,-8.373,0.04002,-9.526,-8.395,-0.0393,-0.05
227.5,-9.542,-8.444,-10.104,-8.3,-9.866,-8.487,-9.572,-8.396,0.04002,-9.552,-8.417,-0.0393,-0.05
228.0,-9.542,-8.444,-10.104,-8.3,-9.866,-8.487,-9.569,-8.391,0.04002,-9.549,-8.412,-0.0393,-0.05
228.5,-9.542,-8.444,-10.104,-8.301,-9.866,-8.487,-9.57,-8.391,0.04002,-9.549,-8.412,-0.0393,-0.05
229.0,-9.542,-8.444,-10.104,-8.302,-9.867,-8.488,-9.566,-8.38,0.04002,-9.546,-8.401,-0.0393,-0.05
229.5,-9.542,-8.444,-10.104,-8.302,-9.867,-8.488,-9.565,-8.376,0.04002,-9.544,-8.397,-0.0393,-0.05
230.0,-9.542,-8.444,-10.104,-8.301,-9.866,-8.487,-9.57,-8.391,0.04002,-9.55,-8.411,-0.0393,-0.05
230.5,-9.542,-8.444,-10.104,-8.301,-9.866,-8.487,-9.549,-8.382,0.04002,-9.53,-8.402,-0.0393,-0.05
231.0,-9.542,-8.444,-10.104,-8.3,-9.866,-8.486,-9.544,-8.365,0.04002,-9.524,-8.385,-0.0393,-0.05
231.5,-9.542,-8.444,-10.104,-8.3,-9.866,-8.486,-9.552,-8.386,0.04002,-9.532,-8.405,-0.0393,-0.05
232.0,-9.542,-8.444,-10.104,-8.299,-9.866,-8.486,-9.564,-8.425,0.04002,-9.545,-8.443,-0.0394,-0.05
232.5,-9.542,-8.444,-10.104,-8.299,-9.866,-8.486,-9.565,-8.427,0.04002,-9.546,-8.445,-0.0394,-0.05
233.0,-9.542,-8.444,-10.103,-8.299,-9.866,-8.486,-9.562,-8.416,0.04002,-9.543,-8.434,-0.0394,-0.05
233.5,-9.542,-8.444,-10.103,-8.299,-9.866,-8.486,-9.561,-8.412,0.04002,-9.542,-8.43,-0.0394,-0.05
234.0,-9.55,-8.485,-10.11,-8.341,-9.874,-8.527,-9.571,-8.462,0.04004,-9.553,-8.481,-0.0394,-0.05
234.5,-9.55,-8.512,-10.108,-8.368,-9.873,-8.554,-9.57,-8.486,0.04003,-9.551,-8.506,-0.0394,-0.05
235.0,-9.55,-8.512,-10.108,-8.368,-9.873,-8.554,-9.571,-8.49,0.04002,-9.552,-8.51,-0.0394,-0.05
235.5,-9.546,-8.536,-10.103,-8.392,-9.869,-8.578,-9.567,-8.513,0.04003,-9.548,-8.533,-0.0394,-0.05
236.0,-9.539,-8.561,-10.094,-8.414,-9.862,-8.601,-9.536,-8.524,0.04003,-9.517,-8.545,-0.0394,-0.05
236.5,-9.539,-8.561,-10.095,-8.414,-9.862,-8.601,-9.491,-8.535,0.04002,-9.473,-8.557,-0.0394,-0.05
237.0,-9.539,-8.561,-10.095,-8.414,-9.862,-8.601,-9.502,-8.501,0.04002,-9.484,-8.522,-0.0394,-0.05
237.5,-9.539,-8.561,-10.095,-8.414,-9.862,-8.601,-9.496,-8.483,0.04002,-9.48,-8.504,-0.0394,-0.05
238.0,-9.539,-8.561,-10.094,-8.415,-9.862,-8.602,-9.456,-8.505,0.04002,-9.44,-8.526,-0.0394,-0.05
238.5,-9.539,-8.561,-10.095,-8.414,-9.862,-8.601,-9.519,-8.544,0.04002,-9.505,-8.562,-0.0394,-0.05
239.0,-9.506,-8.633,-10.059,-8.484,-9.83,-8.672,-9.559,-8.612,0.04007,-9.545,-8.631,-0.0394,-0.05
239.5,-9.47,-8.688,-10.023,-8.534,-9.795,-8.724,-9.507,-8.671,0.04006,-9.492,-8.691,-0.0394,-0.05
240.0,-9.458,-8.708,-10.012,-8.551,-9.786,-8.741,-9.469,-8.723,0.04003,-9.454,-8.743,-0.0394,-0.05
240.5,-9.42,-8.74,-9.975,-8.579,-9.75,-8.771,-9.433,-8.752,0.04008,-9.417,-8.773,-0.0394,-0.05
241.0,-9.412,-8.744,-9.967,-8.581,-9.742,-8.773,-9.425,-8.754,0.0401,-9.409,-8.776,-0.0394,-0.05
241.5,-9.4,-8.756,-9.954,-8.592,-9.73,-8.785,-9.458,-8.743,0.04003,-9.443,-8.764,-0.0394,-0.05
242.0,-9.368,-8.782,-9.923,-8.614,-9.7,-8.809,-9.396,-8.782,0.04004,-9.381,-8.803,-0.0394,-0.05
242.5,-9.357,-8.788,-9.91,-8.619,-9.688,-8.815,-9.373,-8.793,0.04003,-9.358,-8.815,-0.0394,-0.05
243.0,-9.337,-8.798,-9.893,-8.628,-9.67,-8.824,-9.356,-8.802,0.04006,-9.34,-8.824,-0.0394,-0.05
243.5,-9.337,-8.798,-9.892,-8.629,-9.67,-8.825,-9.355,-8.803,0.04008,-9.34,-8.825,-0.0394,-0.05
244.0,-9.337,-8.798,-9.893,-8.628,-9.67,-8.825,-9.355,-8.803,0.0401,-9.34,-8.825,-0.0394,-0.05
244.5,-9.337,-8.798,-9.893,-8.629,-9.67,-8.825,-9.338,-8.786,0.04002,-9.322,-8.808,-0.0394,-0.05
245.0,-9.337,-8.798,-9.893,-8.629,-9.67,-8.825,-9.334,-8.782,0.04002,-9.318,-8.804,-0.0394,-0.05
245.5,-9.337,-8.798,-9.892,-8.628,-9.67,-8.824,-9.333,-8.78,0.04002,-9.316,-8.802,-0.0394,-0.05
246.0,-9.337,-8.798,-9.892,-8.628,-9.67,-8.824,-9.31,-8.758,0.04002,-9.292,-8.781,-0.0394,-0.05
246.5,-9.358,-8.787,-9.912,-8.618,-9.689,-8.813,-9.32,-8.714,0.04003,-9.303,-8.737,-0.0394,-0.05
247.0,-9.373,-8.776,-9.926,-8.609,-9.703,-8.804,-9.318,-8.69,0.04003,-9.301,-8.712,-0.0394,-0.05
247.5,-9.397,-8.755,-9.948,-8.59,-9.725,-8.785,-9.341,-8.672,0.04003,-9.325,-8.693,-0.0394,-0.05
248.0,-9.466,-8.675,-10.014,-8.517,-9.788,-8.709,-9.389,-8.58,0.04006,-9.374,-8.598,-0.0394,-0.05
248.5,-9.516,-8.594,-10.065,-8.442,-9.835,-8.632,-9.447,-8.517,0.04006,-9.435,-8.532,-0.0394,-0.05
249.0,-9.533,-8.574,-10.083,-8.423,-9.852,-8.612,-9.458,-8.485,0.04003,-9.446,-8.499,-0.0394,-0.05
249.5,-9.537,-8.565,-10.087,-8.414,-9.856,-8.603,-9.476,-8.477,0.04002,-9.465,-8.49,-0.0393,-0.05
250.0,-9.537,-8.565,-10.087,-8.415,-9.856,-8.603,-9.507,-8.439,0.04002,-9.497,-8.452,-0.0393,-0.05
250.5,-9.537,-8.565,-10.087,-8.415,-9.856,-8.604,-9.466,-8.421,0.04002,-9.456,-8.434,-0.0393,-0.05
251.0,-9.543,-8.545,-10.095,-8.395,-9.862,-8.583,-9.471,-8.398,0.04003,-9.461,-8.409,-0.0393,-0.05
251.5,-9.543,-8.545,-10.095,-8.395,-9.863,-8.583,-9.462,-8.378,0.04002,-9.452,-8.39,-0.0393,-0.05
252.0,-9.558,-8.51,-10.112,-8.363,-9.877,-8.55,-9.474,-8.341,0.04004,-9.464,-8.351,-0.0393,-0.05
252.5,-9.558,-8.51,-10.111,-8.363,-9.877,-8.55,-9.459,-8.31,0.04002,-9.448,-8.32,-0.0393,-0.05
253.0,-9.558,-8.51,-10.111,-8.364,-9.877,-8.551,-9.469,-8.333,0.04002,-9.459,-8.343,-0.0393,-0.05
253.5,-9.559,-8.507,-10.114,-8.361,-9.879,-8.548,-9.47,-8.329,0.04002,-9.46,-8.338,-0.0393,-0.05
254.0,-9.565,-8.496,-10.118,-8.351,-9.883,-8.538,-9.466,-8.3,0.04002,-9.456,-8.31,-0.0393,-0.05
254.5,-9.565,-8.496,-10.118,-8.351,-9.883,-8.538,-9.456,-8.278,0.04002,-9.446,-8.288,-0.0393,-0.05
255.0,-9.566,-8.491,-10.12,-8.346,-9.884,-8.532,-9.458,-8.274,0.04002,-9.448,-8.284,-0.0393,-0.05
255.5,-9.566,-8.491,-10.12,-8.345,-9.885,-8.532,-9.458,-8.272,0.04002,-9.447,-8.282,-0.0393,-0.05
256.0,-9.566,-8.491,-10.121,-8.345,-9.885,-8.531,-9.46,-8.279,0.04002,-9.45,-8.288,-0.0393,-0.05
256.5,-9.566,-8.491,-10.12,-8.345,-9.884,-8.532,-9.462,-8.235,0.04002,-9.451,-8.244,-0.0393,-0.05
257.0,-9.566,-8.491,-10.12,-8.345,-9.884,-8.532,-9.484,-8.283,0.04002,-9.473,-8.292,-0.0393,-0.05
257.5,-9.566,-8.491,-10.12,-8.345,-9.884,-8.532,-9.476,-8.266,0.04002,-9.466,-8.275,-0.0393,-0.05
258.0,-9.566,-8.491,-10.12,-8.345,-9.884,-8.532,-9.446,-8.295,0.04002,-9.437,-8.304,-0.0393,-0.05
258.5,-9.566,-8.491,-10.12,-8.345,-9.884,-8.532,-9.439,-8.279,0.04002,-9.429,-8.287,-0.0393,-0.05
259.0,-9.566,-8.491,-10.12,-8.345,-9.884,-8.532,-9.457,-8.297,0.04002,-9.448,-8.305,-0.0393,-0.05
259.5,-9.566,-8.491,-10.12,-8.345,-9.885,-8.532,-9.457,-8.296,0.04002,-9.448,-8.304,-0.0393,-0.05
260.0,-9.566,-8.491,-10.12,-8.345,-9.884,-8.532,-9.447,-8.279,0.04002,-9.438,-8.287,-0.0393,-0.05
260.5,-9.566,-8.491,-10.12,-8.345,-9.884,-8.532,-9.45,-8.284,0.04002,-9.44,-8.293,-0.0393,-0.05
261.0,-9.566,-8.491,-10.12,-8.345,-9.884,-8.532,-9.446,-8.277,0.04002,-9.437,-8.285,-0.0393,-0.05
261.5,-9.566,-8.491,-10.12,-8.345,-9.884,-8.532,-9.457,-8.299,0.04002,-9.448,-8.307,-0.0393,-0.05
262.0,-9.566,-8.491,-10.12,-8.345,-9.884,-8.532,-9.455,-8.295,0.04002,-9.446,-8.303,-0.0393,-0.05
262.5,-9.566,-8.491,-10.12,-8.346,-9.884,-8.532,-9.465,-8.318,0.04002,-9.456,-8.325,-0.0393,-0.05
263.0,-9.566,-8.491,-10.12,-8.346,-9.884,-8.533,-9.463,-8.315,0.04002,-9.454,-8.322,-0.0393,-0.05
263.5,-9.566,-8.491,-10.12,-8.346,-9.884,-8.533,-9.464,-8.31,0.04002,-9.455,-8.317,-0.0393,-0.05
264.0,-9.566,-8.491,-10.12,-8.346,-9.884,-8.533,-9.466,-8.317,0.04002,-9.458,-8.324,-0.0393,-0.05
264.5,-9.566,-8.491,-10.12,-8.346,-9.884,-8.533,-9.466,-8.318,0.04002,-9.458,-8.325,-0.0393,-0.05
265.0,-9.566,-8.491,-10.12,-8.346,-9.884,-8.533,-9.461,-8.301,0.04002,-9.453,-8.308,-0.0393,-0.05
265.5,-9.566,-8.491,-10.12,-8.347,-9.884,-8.533,-9.475,-8.353,0.04002,-9.467,-8.359,-0.0393,-0.05
266.0,-9.566,-8.491,-10.12,-8.346,-9.884,-8.533,-9.485,-8.383,0.04002,-9.477,-8.389,-0.0393,-0.05
266.5,-9.566,-8.491,-10.12,-8.346,-9.884,-8.533,-9.481,-8.371,0.04002,-9.474,-8.378,-0.0393,-0.05
267.0,-9.566,-8.491,-10.12,-8.346,-9.884,-8.533,-9.489,-8.375,0.04002,-9.482,-8.38,-0.0393,-0.05
267.5,-9.566,-8.491,-10.119,-8.346,-9.883,-8.533,-9.603,-8.332,0.04002,-9.596,-8.337,-0.0393,-0.05
268.0,-9.566,-8.491,-10.119,-8.346,-9.883,-8.533,-9.59,-8.32,0.04002,-9.585,-8.325,-0.0393,-0.05
268.5,-9.563,-8.506,-10.114,-8.359,-9.88,-8.547,-9.584,-8.324,0.04003,-9.578,-8.329,-0.0393,-0.05
269.0,-9.497,-8.57,-10.043,-8.414,-9.814,-8.607,-9.517,-8.373,0.04007,-9.508,-8.381,-0.0393,-0.05
269.5,-9.443,-8.597,-9.991,-8.435,-9.764,-8.632,-9.462,-8.387,0.04005,-9.451,-8.396,-0.0393,-0.05
270.0,-9.443,-8.597,-9.992,-8.435,-9.765,-8.632,-9.471,-8.406,0.04002,-9.46,-8.414,-0.0393,-0.05
270.5,-9.443,-8.597,-9.992,-8.435,-9.765,-8.632,-9.463,-8.388,0.04002,-9.452,-8.396,-0.0393,-0.05
271.0,-9.443,-8.597,-9.993,-8.435,-9.766,-8.632,-9.461,-8.379,0.04002,-9.45,-8.388,-0.0393,-0.05
271.5,-9.443,-8.597,-9.993,-8.435,-9.766,-8.632,-9.456,-8.366,0.04002,-9.445,-8.375,-0.0393,-0.05
272.0,-9.443,-8.597,-9.993,-8.435,-9.766,-8.632,-9.454,-8.358,0.04002,-9.442,-8.367,-0.0393,-0.05
272.5,-9.443,-8.597,-9.993,-8.435,-9.766,-8.632,-9.459,-8.347,0.04002,-9.449,-8.356,-0.0392,-0.05
273.0,-9.443,-8.597,-9.994,-8.435,-9.766,-8.631,-9.418,-8.346,0.04002,-9.407,-8.354,-0.0393,-0.05
273.5,-9.443,-8.597,-9.994,-8.434,-9.767,-8.631,-9.444,-8.307,0.04002,-9.434,-8.315,-0.0392,-0.05
274.0,-9.398,-8.626,-9.949,-8.46,-9.723,-8.66,-9.375,-8.366,0.04005,-9.365,-8.375,-0.0393,-0.05
274.5,-9.396,-8.627,-9.948,-8.46,-9.723,-8.66,-9.353,-8.353,0.04002,-9.342,-8.362,-0.0393,-0.05
275.0,-9.396,-8.627,-9.948,-8.46,-9.723,-8.66,-9.368,-8.341,0.04002,-9.358,-8.349,-0.0393,-0.05
275.5,-9.396,-8.627,-9.948,-8.46,-9.723,-8.66,-9.361,-8.322,0.04002,-9.352,-8.331,-0.0393,-0.05
276.0,-9.396,-8.627,-9.948,-8.46,-9.723,-8.66,-9.421,-8.283,0.04002,-9.413,-8.291,-0.0392,-0.05
276.5,-9.396,-8.627,-9.948,-8.46,-9.723,-8.66,-9.388,-8.255,0.04002,-9.38,-8.263,-0.0392,-0.05
